{
    "x": 31.47076416015625,
    "y": 134.7901153564453
}